city,hotel,hotel_id,rating,review,review_date
Kuala lumpur,Seri Pacific Hotel Kuala Lumpur,10422,5 stars out of 5,i will stay again at this hotel because very comfortable & easy to go anywhere,"April 30, 2025"
Kuala lumpur,Seri Pacific Hotel Kuala Lumpur,10422,5 stars out of 5,"We had a comfortable and family-friendly stay, with a spacious and clean room that was perfect for our young children. The hotel staff were helpful and accommodating, and we appreciated the quiet environment and convenient location near shops and restaurants. Overall, it was a pleasant and stress-free experience, and we would happily return for another stay.","April 30, 2025"
Kuala lumpur,Seri Pacific Hotel Kuala Lumpur,10422,5 stars out of 5,"Bilik selesa, luas, sejuk. Walaupn perabot lama tp berbaloi dgn apa yg kita bayar","April 30, 2025"
Kuala lumpur,Seri Pacific Hotel Kuala Lumpur,10422,5 stars out of 5,Great buffet breakfast.. good location..clean..sure will comeback,"April 30, 2025"
Kuala lumpur,Seri Pacific Hotel Kuala Lumpur,10422,5 stars out of 5,Hotel sgt selesa,"April 30, 2025"
Kuala lumpur,Seri Pacific Hotel Kuala Lumpur,10422,5 stars out of 5,"Nice hotel to stay, the management very polite and helpful.","April 29, 2025"
Kuala lumpur,Seri Pacific Hotel Kuala Lumpur,10422,5 stars out of 5,"Friendly welcoming staff, clean room","April 28, 2025"
Kuala lumpur,Seri Pacific Hotel Kuala Lumpur,10422,5 stars out of 5,Worth the money,"April 27, 2025"
Kuala lumpur,Seri Pacific Hotel Kuala Lumpur,10422,5 stars out of 5,Definitely worth the price to book online.  Hotel is slightly old but well maintained. Facilities are not much as well since it's old. Staff is good. Room is clean! Bed is comfortable!,"April 26, 2025"
Kuala lumpur,Seri Pacific Hotel Kuala Lumpur,10422,5 stars out of 5,Breakfast need to improve,"April 26, 2025"
Kuala lumpur,Seri Pacific Hotel Kuala Lumpur,10422,5 stars out of 5,Overall stay is good,"April 25, 2025"
Kuala lumpur,Seri Pacific Hotel Kuala Lumpur,10422,5 stars out of 5,The hotel is strategically located adjacent to the shopping mall and connected to the LRT station. The hotel bit old but still in good condition since its room look modern. Breakfast spread ok with variety of choice.,"April 25, 2025"
Kuala lumpur,Seri Pacific Hotel Kuala Lumpur,10422,5 stars out of 5,"Staff's n location..  I got the room as per request (KLCC )
For Muslim Guests, U need to  re check the Qiblat. 
In near future, Hope the management can provide 1 or 2 Floor for smokers (We had to go down and smoking and a bit tiring for up n down). 
Also, for Qiblat signage ( need to re check with JAIWP or JAIS) and Carpet in the rooms need to wash regularly.. As for me, I can't sleep well due to my sinus ( as I was sensitive with dust). 
Lastly, need more varieties of TV  channel especially News. 
Tks. 
RM1404.","April 24, 2025"
Kuala lumpur,Seri Pacific Hotel Kuala Lumpur,10422,5 stars out of 5,"Great accomodation,great location just across sunway putra mall..","April 23, 2025"
Kuala lumpur,Seri Pacific Hotel Kuala Lumpur,10422,5 stars out of 5,ok,"April 23, 2025"
Kuala lumpur,Seri Pacific Hotel Kuala Lumpur,10422,5 stars out of 5,Parking so limited... Extra parking little bit far,"April 23, 2025"
Kuala lumpur,Seri Pacific Hotel Kuala Lumpur,10422,5 stars out of 5,Outstanding,"April 23, 2025"
Kuala lumpur,Seri Pacific Hotel Kuala Lumpur,10422,5 stars out of 5,"Good room , food and location","April 22, 2025"
Kuala lumpur,Seri Pacific Hotel Kuala Lumpur,10422,5 stars out of 5,I have to pay for my breakfast eventhough Agoda state that my booking including breakfast..I called Agoda so many time still cannot fixed my problem..,"April 22, 2025"
Kuala lumpur,Seri Pacific Hotel Kuala Lumpur,10422,5 stars out of 5,The sound of water pipes (including adjacent rooms) is too loud and interferes with privacy,"April 22, 2025"
Kuala lumpur,Seri Pacific Hotel Kuala Lumpur,10422,5 stars out of 5,"Pro:
Nice looking hotel, location is great, staff attend to my complain quickly
Cons:
Took too long to check-in","April 21, 2025"
Kuala lumpur,Seri Pacific Hotel Kuala Lumpur,10422,5 stars out of 5,Carpet bilik berbau dan air dari dlm Toilet bocor ke dinding toilet,"April 21, 2025"
Kuala lumpur,Seri Pacific Hotel Kuala Lumpur,10422,5 stars out of 5,Brought my 72 years old Auntie to celebrate her birthday.  We had the ramadhan buffet and suhoor buffet here. The food delicious!,"April 21, 2025"
Kuala lumpur,Seri Pacific Hotel Kuala Lumpur,10422,5 stars out of 5,Room were very dusty. Can improvise on cleanliness. Breakfast buffet was below average for the room price paid.,"April 21, 2025"
Kuala lumpur,Seri Pacific Hotel Kuala Lumpur,10422,5 stars out of 5,Nice and cozy environment. staff are friendly and helpfull. strategically located in Kuala Lumpur city. Worth of money staying  in this hotel.,"April 21, 2025"
Kuala lumpur,Seri Pacific Hotel Kuala Lumpur,10422,5 stars out of 5,Value for money for its location. Easy to explore nearby attractions due to the accessible public transport. Staffs are all friendly and helpful. Definitely will come again.,"April 21, 2025"
Kuala lumpur,Seri Pacific Hotel Kuala Lumpur,10422,5 stars out of 5,Value,"April 21, 2025"
Kuala lumpur,Seri Pacific Hotel Kuala Lumpur,10422,5 stars out of 5,Everything was good but only everything is good except tv...cannot use the remote at all..cannot switch off alsoğŸ¤£...already inform technician..but never come to help.,"April 21, 2025"
Kuala lumpur,Seri Pacific Hotel Kuala Lumpur,10422,5 stars out of 5,"check in check out very smooth
easy access, nearby lrt n shopping mall.
friendly staff","April 21, 2025"
Kuala lumpur,Seri Pacific Hotel Kuala Lumpur,10422,5 stars out of 5,Best place to stay.. Recommended..,"April 20, 2025"
Kuala lumpur,Seri Pacific Hotel Kuala Lumpur,10422,5 stars out of 5,everythings good..,"April 21, 2025"
Kuala lumpur,Seri Pacific Hotel Kuala Lumpur,10422,5 stars out of 5,Recommended,"April 20, 2025"
Kuala lumpur,Seri Pacific Hotel Kuala Lumpur,10422,5 stars out of 5,Nice & clean room. But hopefully can upgrade ur television into the newest one,"April 21, 2025"
Kuala lumpur,Seri Pacific Hotel Kuala Lumpur,10422,5 stars out of 5,Though the location was little far room and facilities were Amazing. Exceptional breakfast,"April 20, 2025"
Kuala lumpur,Seri Pacific Hotel Kuala Lumpur,10422,5 stars out of 5,semua okay. Bfst sahur pon okay. Cuma malam tidur tbe aircond jadi slow terjaga sebab panas. Lain semua perfect!,"April 21, 2025"
Kuala lumpur,Seri Pacific Hotel Kuala Lumpur,10422,5 stars out of 5,Good hotel,"April 20, 2025"
Kuala lumpur,Seri Pacific Hotel Kuala Lumpur,10422,5 stars out of 5,location was very central and batu caves was easy to get to from the hotel.   price for the hotel was very reasonable.,"April 20, 2025"
Kuala lumpur,Seri Pacific Hotel Kuala Lumpur,10422,5 stars out of 5,"The views from the room were stunning! It was large, clean and comfortable and the included breakfast buffet was absolutely delicious.","April 21, 2025"
Kuala lumpur,Seri Pacific Hotel Kuala Lumpur,10422,5 stars out of 5,Berada di kawasan strategik ada mall n putra lrt berdekatan..breakfast byk pilihan..bilik luas n selesa,"April 19, 2025"
Kuala lumpur,Seri Pacific Hotel Kuala Lumpur,10422,5 stars out of 5,semua ok cuma parking kena bayar pastu xde parking kat same buildingâ€¦nasib ada manager yg membantuâ€¦tq tu en manager.,"April 19, 2025"
Kuala lumpur,Seri Pacific Hotel Kuala Lumpur,10422,5 stars out of 5,recommended,"April 21, 2025"
Kuala lumpur,Seri Pacific Hotel Kuala Lumpur,10422,5 stars out of 5,"Room not clean, it is dusty. No staff helping to arrange the seat when you have breakfast in the morning, you need to find a seat yourself and some tables which with 6 seater but it only have 2 people then the rest empty seat will be waste, we 4 person then have no place to seat. It have no staff getting good organisation, just let the guests simply seat whatever they like. And I book the premium room, so it can hv breakfast at the premium lounge , thinking to have a nice quiet breakfast but when I go there, all full, it really disappointed, why the premium lounge so small! Why Iâ€™m paying high cost but I have no earn my benefits. I will not stay here anymore , it really no good hotel","April 19, 2025"
Kuala lumpur,Seri Pacific Hotel Kuala Lumpur,10422,5 stars out of 5,Will come agian,"April 21, 2025"
Kuala lumpur,Seri Pacific Hotel Kuala Lumpur,10422,5 stars out of 5,Old hotel.,"April 19, 2025"
Kuala lumpur,Seri Pacific Hotel Kuala Lumpur,10422,5 stars out of 5,"I was standing in what I thought was a queue only to be cut twice and the staff didn't seem to be bothered to ask who's actually next. Didn't mean to make a fuss but I thought a 5 star establishment shouldn't have missed something so basic.

I booked for a smoking room but was told on check-in that all rooms were non-smoking. No complaint about the room though you could tell the mattress had seen better days from the way it sinks in the middle. But the sheets, the down pillows and the room in general felt clean and fresh.

If you plan to use the sauna and gym be prepared to pay for the drinking water.","April 21, 2025"
Kuala lumpur,Seri Pacific Hotel Kuala Lumpur,10422,5 stars out of 5,puas hati,"April 18, 2025"
Kuala lumpur,Seri Pacific Hotel Kuala Lumpur,10422,5 stars out of 5,Had a splendid and comfortable stay,"April 18, 2025"
Kuala lumpur,Seri Pacific Hotel Kuala Lumpur,10422,5 stars out of 5,Request for a receipt till now can't get it,"April 18, 2025"
Kuala lumpur,Seri Pacific Hotel Kuala Lumpur,10422,5 stars out of 5,Highly recommended for stay in KL with EXCELLENT service,"April 16, 2025"
Kuala lumpur,Seri Pacific Hotel Kuala Lumpur,10422,5 stars out of 5,"Good value for money
Strategy location","April 16, 2025"
Kuala lumpur,Seri Pacific Hotel Kuala Lumpur,10422,5 stars out of 5,hotel is good location and clean,"April 15, 2025"
Kuala lumpur,Seri Pacific Hotel Kuala Lumpur,10422,5 stars out of 5,Good for attending at World Trade Center exhibition in KL,"April 14, 2025"
Kuala lumpur,Seri Pacific Hotel Kuala Lumpur,10422,5 stars out of 5,GOOD,"April 14, 2025"
Kuala lumpur,Seri Pacific Hotel Kuala Lumpur,10422,5 stars out of 5,good stay,"April 13, 2025"
Kuala lumpur,Seri Pacific Hotel Kuala Lumpur,10422,5 stars out of 5,Tempat yang strategik kalau nak ke pesta buku,"April 13, 2025"
Kuala lumpur,Seri Pacific Hotel Kuala Lumpur,10422,5 stars out of 5,Ok,"April 13, 2025"
Kuala lumpur,Seri Pacific Hotel Kuala Lumpur,10422,5 stars out of 5,Ok,"April 13, 2025"
Kuala lumpur,Seri Pacific Hotel Kuala Lumpur,10422,5 stars out of 5,near to lrt station and mall...can go and eat at the mall...room is spacious too..not enough time to go to pool..so not sure regarding that..overal it was a nice stay,"April 12, 2025"
Kuala lumpur,Seri Pacific Hotel Kuala Lumpur,10422,5 stars out of 5,"Strategic location, the room was fairly  clean, as long no ants and cockroach , ok for the price. Deco was ok, BF spread ok ,just that if the area on 1st floor rather small, so if you are late, need to go 2nd level","April 12, 2025"
Kuala lumpur,Seri Pacific Hotel Kuala Lumpur,10422,5 stars out of 5,"room was spacious, staff were friendly, value for money","April 10, 2025"
Kuala lumpur,Seri Pacific Hotel Kuala Lumpur,10422,5 stars out of 5,Good service,"April 11, 2025"
Kuala lumpur,Seri Pacific Hotel Kuala Lumpur,10422,5 stars out of 5,"Parking kena bayar ya..hotel lain xperlu pun wlpun RM5.00

Request bilik non smoking tp dpt bilik mcm bilik smoking plak..sesak nafas rasa..bkn saya je complain, anak umur 10 thn yg ckp ya..

Ms check out reception xtanya pun nk validate tiket parking..yelah notis semua dh tanpal kt lift pintu dinding..tp u tanya la.. i mn nk rajin bc notis2 tu.. dgn beg, anak2, mkn2, mn la nk pikir parking.. xpasal nk kena naik balik tny..adoi","April 10, 2025"
Kuala lumpur,Seri Pacific Hotel Kuala Lumpur,10422,5 stars out of 5,"The hotel need to improve the facilities in the room, the bed mattress and pillows are not good condition and the toilet flush and water outlet sound is irritating.","April 11, 2025"
Kuala lumpur,Seri Pacific Hotel Kuala Lumpur,10422,5 stars out of 5,Best!,"April 10, 2025"
Kuala lumpur,Seri Pacific Hotel Kuala Lumpur,10422,5 stars out of 5,"It was good staying here, but too far from airport.","April 11, 2025"
Kuala lumpur,Seri Pacific Hotel Kuala Lumpur,10422,5 stars out of 5,must try,"April 10, 2025"
Kuala lumpur,Seri Pacific Hotel Kuala Lumpur,10422,5 stars out of 5,"20 years ago this was an excellent hotel with world class service and breakfast. This visit the corridor was smelly and so was the room. The bedlinen had staining. One rather old towel per person.  The internet was very slow. Breakfast was unpleasant. The hot food was not hot and it was very crowded. There was a long queue for coffee. We left and had breakfast in the mall.
The staff could not initially find my pre-paid booking, and this was eventually resolved, but we were not shown any hospitality while we waited.","April 11, 2025"
Kuala lumpur,Seri Pacific Hotel Kuala Lumpur,10422,5 stars out of 5,"Best room, best food,best facilities and very good staff. The  Location very strategic and easy to go anywhere from the hotel. The price good and dont have to worry about it. When u choice it, u can sleep anytime.","April 09, 2025"
Kuala lumpur,Seri Pacific Hotel Kuala Lumpur,10422,5 stars out of 5,Everything here is great..the room very spacious. The staff also very polite,"April 09, 2025"
Kuala lumpur,Seri Pacific Hotel Kuala Lumpur,10422,5 stars out of 5,good,"April 08, 2025"
Kuala lumpur,Seri Pacific Hotel Kuala Lumpur,10422,5 stars out of 5,Pretty good,"April 09, 2025"
Kuala lumpur,Seri Pacific Hotel Kuala Lumpur,10422,5 stars out of 5,Good,"April 08, 2025"
Kuala lumpur,Seri Pacific Hotel Kuala Lumpur,10422,5 stars out of 5,Pleasant stay,"April 09, 2025"
Kuala lumpur,Seri Pacific Hotel Kuala Lumpur,10422,5 stars out of 5,"I decided to stay at this hotel after a tiring shopping trip for school uniforms at SOGO. Taking the LRT to this hotel from Bandaraya Station was very convenient.

I had a fantastic stay . The room was nice and spacious, with all the necessities youâ€™d expect from a 5-star property. The bathroom was clean and had a pleasant fragrance, which made it even more relaxing. The mattress was soft, and the pillow was incredibly fluffy, ensuring a great nightâ€™s sleep.

Check-in and check-out were quick and seamless, which I really appreciated. The staff were exceptionally friendly, always ready to assist with a smile. The hotelâ€™s location is also an added advantage, being very close to Sunway Putra Mall and the LRT station, making it super convenient to explore the area.

Additionally, there was a great variety of TV channels to choose from, perfect for winding down after a busy day. Overall, a very pleasant and enjoyable stay!","April 08, 2025"
Kuala lumpur,Seri Pacific Hotel Kuala Lumpur,10422,5 stars out of 5,Terbaik,"April 09, 2025"
Kuala lumpur,Seri Pacific Hotel Kuala Lumpur,10422,5 stars out of 5,We love the breakfast buffet,"April 08, 2025"
Kuala lumpur,Seri Pacific Hotel Kuala Lumpur,10422,5 stars out of 5,Will come again in future,"April 09, 2025"
Kuala lumpur,Seri Pacific Hotel Kuala Lumpur,10422,5 stars out of 5,"I had a wonderful stay at this hotel. The room was clean, spacious, and well-equipped with everything I needed for a comfortable visit. However, the only downside was that the toilet bidet was broken and not working, which was quite inconvenient. It would have made the stay perfect if this issue was addressed. I hope the hotel can fix it soon for future guests.","April 08, 2025"
Kuala lumpur,Seri Pacific Hotel Kuala Lumpur,10422,5 stars out of 5,tempat sangat strategic tapi breakfast dia kurang. so far puas hatii sangattt,"April 08, 2025"
Kuala lumpur,Seri Pacific Hotel Kuala Lumpur,10422,5 stars out of 5,"The location of the hotel near the train station was great. It was also close to a big shopping centre with numerous restaurants. The highlight was the amazing buffet breakfast. Something for everyone. The coffee with Illy coffee beans was great too.
The hotel itself is a bit tired but not a big issue for me and the beds were very firm.
Shout out to the concierge. They were very helpful.","April 07, 2025"
Kuala lumpur,Seri Pacific Hotel Kuala Lumpur,10422,5 stars out of 5,Very nice to stay,"April 08, 2025"
Kuala lumpur,Seri Pacific Hotel Kuala Lumpur,10422,5 stars out of 5,Recommended,"April 07, 2025"
Kuala lumpur,Seri Pacific Hotel Kuala Lumpur,10422,5 stars out of 5,Best Room â¤ï¸âœ¨,"April 07, 2025"
Kuala lumpur,Seri Pacific Hotel Kuala Lumpur,10422,5 stars out of 5,BEST ROOM âœ¨,"April 06, 2025"
Kuala lumpur,Seri Pacific Hotel Kuala Lumpur,10422,5 stars out of 5,Tetap di hati,"April 07, 2025"
Kuala lumpur,Seri Pacific Hotel Kuala Lumpur,10422,5 stars out of 5,"hotel yg sgt selesa utk stay..room yg clean , staff yg baik , ..love the room environment..","April 06, 2025"
Kuala lumpur,Seri Pacific Hotel Kuala Lumpur,10422,5 stars out of 5,"My second time staying here. Everything okay especially the receptionist was so great but i have little issues; while having breakfast on my first day, my family been asked to eat fast because thereâ€™s VIP wanted to take our spot and some patron were even asked to move instantly. Iam so piss off due to this incident.  This is not how u treat your guests. If you know the VIP wanted to have breakfast at that spot, please reserve it earlier. Or you can suggest more exclusive spot for them too.I dont even enjoy my breakfast anymore.  Iâ€™ll not coming back here again. Just focus on your VIP guest","April 07, 2025"
Kuala lumpur,Seri Pacific Hotel Kuala Lumpur,10422,5 stars out of 5,Everything was good,"April 06, 2025"
Kuala lumpur,Seri Pacific Hotel Kuala Lumpur,10422,5 stars out of 5,I think the housekeeper need to check every room's fridge. Macam lama sangat tak bersihkan.,"April 07, 2025"
Kuala lumpur,Seri Pacific Hotel Kuala Lumpur,10422,5 stars out of 5,"Highly recommended for its location. Room spacious enough to board adult children. LRTs station is close for transit interchange to go places, premium shopping mall is just across the street adjascent to the hotel but chow kit business area is close- by for cheap bargains. Room floor is carpeted without the familiar hotel carpet odour. The bathroom shower knobs, bidets and basin requires facelift thoughğŸ˜¬. The roofed free parking is available but limited as guests has to share with pwtc patrons","April 06, 2025"
Kuala lumpur,Seri Pacific Hotel Kuala Lumpur,10422,5 stars out of 5,"It is a fantastic stay with excellent facilities and staff. The location was superb, making it easy to explore the city. The cleanliness was good overall and the staff were friendly and accommodating. Great value for money, would recommend this hotel for a wonderful stay.","April 07, 2025"
Kuala lumpur,Seri Pacific Hotel Kuala Lumpur,10422,5 stars out of 5,Everything just in order and great,"April 05, 2025"
Kuala lumpur,Seri Pacific Hotel Kuala Lumpur,10422,5 stars out of 5,secara keseluruhan semuanya ok .. laluan ke bilik hotel pun wangi .. Staff yang peramah ..,"April 07, 2025"
Kuala lumpur,Seri Pacific Hotel Kuala Lumpur,10422,5 stars out of 5,Everything is nice and we loved it ! Always repeat this hotel,"April 05, 2025"
Kuala lumpur,Seri Pacific Hotel Kuala Lumpur,10422,5 stars out of 5,"enjoy the staycation. the only issue is parking is not sufficient. have to park at WTC, but not being informed to take ticket instead using TNG. got charge for parking almost Rm23!..","April 07, 2025"
Kuala lumpur,Seri Pacific Hotel Kuala Lumpur,10422,5 stars out of 5,"Pleasant hotel
Big room
Clean","April 04, 2025"
Kuala lumpur,Seri Pacific Hotel Kuala Lumpur,10422,5 stars out of 5,Spacious clean Bathroom with separated bathroom and bathtub.High pressure shower. Best scents of shower gel and shampoo.Cool and spacious room with comfortable king sized bed and pillows . Breakfast is good .The croissant is top notch. The staffs are friendly and have a good smiles .,"April 07, 2025"
Kuala lumpur,Seri Pacific Hotel Kuala Lumpur,10422,5 stars out of 5,Recommended,"April 04, 2025"
Kuala lumpur,Seri Pacific Hotel Kuala Lumpur,10422,5 stars out of 5,Walking distance to shopping mall. Many parking lot.,"April 07, 2025"
Kuala lumpur,Seri Pacific Hotel Kuala Lumpur,10422,5 stars out of 5,terbaik,"April 04, 2025"
Kuala lumpur,Seri Pacific Hotel Kuala Lumpur,10422,5 stars out of 5,"Staff yg sgt beretika dan ramah, bilik yg luas dan bersih, parking yang sangat nudah, dekat dengan sunway mall dan yang paling best makanan breakfast yang pelbagai dan sangat sedapp. Will repeat again for sureeee ğŸ˜ğŸ˜","April 07, 2025"
Kuala lumpur,Seri Pacific Hotel Kuala Lumpur,10422,5 stars out of 5,good,"April 03, 2025"
Kuala lumpur,Seri Pacific Hotel Kuala Lumpur,10422,5 stars out of 5,Nice hotel near with shopping complex,"April 07, 2025"
Kuala lumpur,Seri Pacific Hotel Kuala Lumpur,10422,5 stars out of 5,Overall good,"April 03, 2025"
Kuala lumpur,Seri Pacific Hotel Kuala Lumpur,10422,5 stars out of 5,Overall good,"April 03, 2025"
Kuala lumpur,Seri Pacific Hotel Kuala Lumpur,10422,5 stars out of 5,Semuanya baik2.. Staff pon mesra..,"April 03, 2025"
Kuala lumpur,Seri Pacific Hotel Kuala Lumpur,10422,5 stars out of 5,Okay,"April 07, 2025"
Kuala lumpur,Seri Pacific Hotel Kuala Lumpur,10422,5 stars out of 5,Semua dekat.. Xpayah susah2 nak kena jalan jauh..,"April 02, 2025"
Kuala lumpur,Seri Pacific Hotel Kuala Lumpur,10422,5 stars out of 5,Will come again next time..superb breakfast ğŸ‘,"April 03, 2025"
Kuala lumpur,Seri Pacific Hotel Kuala Lumpur,10422,5 stars out of 5,Berbaloi,"April 01, 2025"
Kuala lumpur,Seri Pacific Hotel Kuala Lumpur,10422,5 stars out of 5,best place to stay and convenient place place with a lot activities you will doing such as shopping near by,"April 03, 2025"
Kuala lumpur,Seri Pacific Hotel Kuala Lumpur,10422,5 stars out of 5,"I booked two room,one room when i check in,have hairs on the pillow n bedsheet..one room have cockroaches  in drawer and the toilet room is clogged..water down slowly after use..breakfast awesome..variety and delicious..pool not big..parking hotel not enough..staff very helpful..ğŸ‘ğŸ‘..easy walk to mall..","April 01, 2025"
Kuala lumpur,Seri Pacific Hotel Kuala Lumpur,10422,5 stars out of 5,"Beat xterkira. Selesa xterkira. Nk mandi air terjun tp takut pi air terjun betui, mai hotel ni. Dia punya shower standard air terjun. Luas selesa, makan sedap, sebelah mall.","April 03, 2025"
Kuala lumpur,Seri Pacific Hotel Kuala Lumpur,10422,5 stars out of 5,Spacious room and strategic location. The only cons is the efficiency of the staffs cleaning tables on peak hour during breakfast.,"April 03, 2025"
Kuala lumpur,Seri Pacific Hotel Kuala Lumpur,10422,5 stars out of 5,One of best hotel to stay in the city of Kuala Lumpur,"April 03, 2025"
Kuala lumpur,Seri Pacific Hotel Kuala Lumpur,10422,5 stars out of 5,Ample parking at PWTC. Please remember to take ticket instead of tapping tng to enjoy the flat rate parking of RM3. Breakfast marvellous!,"April 03, 2025"
Kuala lumpur,Seri Pacific Hotel Kuala Lumpur,10422,5 stars out of 5,"Staff no so friendly, especially the valet guy on the night shift","April 03, 2025"
Kuala lumpur,Seri Pacific Hotel Kuala Lumpur,10422,5 stars out of 5,I was looking for the place to stay with my family on the weekend but agoda couldn't confirm my booking and the booking was cancelled. Call agoda but wasn't told that there was another booking. End up it was a no show.,"April 07, 2025"
Kuala lumpur,Seri Pacific Hotel Kuala Lumpur,10422,5 stars out of 5,Makanan sedap,"April 07, 2025"
Kuala lumpur,Seri Pacific Hotel Kuala Lumpur,10422,5 stars out of 5,Tidak sesuai untuk keluargaâ€¦,"April 07, 2025"
Kuala lumpur,Seri Pacific Hotel Kuala Lumpur,10422,5 stars out of 5,Sebelah PWTC,"April 07, 2025"
Kuala lumpur,Seri Pacific Hotel Kuala Lumpur,10422,5 stars out of 5,I have been staying in this hotel for 3 days while attending a conference.,"April 07, 2025"
Kuala lumpur,Soho Suites KLCC by Leala,2320473,5 stars out of 5,The place was very clean and spacious. Comes with great aircon and good water pressure. Easy walk to Pavilion and KLCC. Comes with car park but car park can be rather narrow.  Have to pay to use the gym/swimming pool.,"April 29, 2025"
Kuala lumpur,Soho Suites KLCC by Leala,2320473,5 stars out of 5,"I am an Agoda VIP platinum member and have stayed at multiple properties around the region. When I booked this apartment i just told myself i needed a place near the intended building which i had to go to but atlas, I was literally blown away from the beginning- check in was clear, apartment was super clean and we all had a very comfortable stay including my 5 month old baby. They prepared a cot, baby bathtub upon request and due to this gesture it really changes my standard when looking for accommodation from now on. They are impeccable yet very easy to liaise with. You will be blown away!!! Stay here if youâ€™re going to KL!!","April 27, 2025"
Kuala lumpur,Soho Suites KLCC by Leala,2320473,5 stars out of 5,The scenery was wowğŸ‘ğŸ‘ğŸ‘ everything was good.. the condition very clean.. will come again if i come to KL,"April 26, 2025"
Kuala lumpur,Soho Suites KLCC by Leala,2320473,5 stars out of 5,"I totally recommend this place. JP is such a wonderful host, prompt to answer all request and questions. Very accomodating. The place is very nice. If we only knew that this is the best accomodation here in KL, we wouldnt have to transfer hotel.  Will surely stay here again if ever we go back to Malaysia. Will recommend this place to family and friends. Thank you JP and your team ğŸ¥°","April 26, 2025"
Kuala lumpur,Soho Suites KLCC by Leala,2320473,5 stars out of 5,Thumbs up for the property owner for their prompt reply and service. Place is clean and spacious. Good value for large families. People driving large cars have to be extra careful of the tight carpark.,"April 22, 2025"
Kuala lumpur,Soho Suites KLCC by Leala,2320473,5 stars out of 5,"Staff very helpful
Assist on checkin/out
Room is clean","April 17, 2025"
Kuala lumpur,Soho Suites KLCC by Leala,2320473,5 stars out of 5,"Very satisfied the suits with the friendly customer service, cleanliness and strategic location. They provide towels and toiletries except toothbrush and toothpaste. There is washing and drying machines with the laundry detergent. 
Please keep your good work, I will definitely booked here if I visit KL.","April 16, 2025"
Kuala lumpur,Soho Suites KLCC by Leala,2320473,5 stars out of 5,"very very clean and neat rooms, staff are very very friendly and reply back through WhatsApp instantly. Every single time I received their replies of my requests or questions within 1 minute!!




room condition is perfect and you can cook simple things at home. 
the night view is fantastic! you can see both  KL TOWER  and the Petronas tower.
I would definitely choose this accommodation when I stay in KL.","April 07, 2025"
Kuala lumpur,Soho Suites KLCC by Leala,2320473,5 stars out of 5,"We are traveling with parents and small children.  
The apartment is very pleasant.  
The room is very clean.  
The air conditioning is very cool.  
The kitchen is fully equipped.  
There is a washing machine and refrigerator as well.  
Drinking water is available.  
It is very easy to walk to the pavilion and twin towers.  
The owner can help with airport transfer services.  
Everything is very easy.  
It is very enjoyable.  
If we go to Kuala Lumpur again, we will stay here again.  
Highly recommended.","April 03, 2025"
Kuala lumpur,Soho Suites KLCC by Leala,2320473,5 stars out of 5,"We had a wonderful stay, feels like homeğŸ˜Š","April 01, 2025"
Kuala lumpur,Soho Suites KLCC by Leala,2320473,5 stars out of 5,Highly recommended!!!! SUPER GOOD!!,"April 26, 2025"
Kuala lumpur,Soho Suites KLCC by Leala,2320473,5 stars out of 5,åœ°ç†ä½ç½®ä¸éŒ¯ï¼Œé…’åº—ä¹¾æ·¨æ•´æ½”ï¼Œæˆ¿æ±ä¸»å‹•è¯ç¹«ï¼Œäººå¾ˆå¥½æœ‰äº¤å¸¶,"April 25, 2025"
Kuala lumpur,Soho Suites KLCC by Leala,2320473,5 stars out of 5,"è¯ç¹«æ—…å®¢ä»¥æä¾›æ‰€éœ€ä½å®¿æœå‹™,é€™å€‹æ—…èˆåœ¨äº¤é€šå’Œä½å®¿ä¸Š,æ˜¯ä¸é”™çš„é¸æ“‡ã€‚","April 23, 2025"
Kuala lumpur,Soho Suites KLCC by Leala,2320473,5 stars out of 5,åœ°æ–¹æ•´æ½”ã€‚è¨­æ–½é½Šå…¨ã€‚åœ°å€æ–¹ä¾¿ã€‚å€¼å¾—æ¨ä»‹ã€‚,"April 05, 2025"
Kuala lumpur,Soho Suites KLCC by Leala,2320473,5 stars out of 5,The location is very good and the room is very clean.,"April 05, 2025"
Kuala lumpur,Soho Suites KLCC by Leala,2320473,5 stars out of 5,"Ø³ÙˆÙ‡Ùˆ Ø§Ù„Ø­Ø¨Ø¨Ø¨Ø¨ ğŸ¥¹ ÙŠØ¬Ù†Ù†Ù† Ù…Ù† Ø¬Ù…ÙŠØ¹ Ø§Ù„Ù†ÙˆØ§Ø­ÙŠ Ù†Ø¸Ø§ÙÙ‡Ù‡Ù‡ ÙˆØ§Ø·Ù„Ø§Ù„Ù‡ ÙˆØªØ¹Ø§Ù…Ù„ ÙˆÙ…ÙƒØ§Ù† ÙØ¹Ù„Ø§ Ù„Ùˆ Ø¬ÙŠØª Ù…Ø§Ù„ÙŠØ²ÙŠØ§ Ø«Ø§Ù†ÙŠ Ù…Ø§Ø±Ø§Ø­ Ø§ÙÙƒØ± Ø¨ØºÙŠØ±Ù‡ ØŒ ØªØ¹Ø§Ù…Ù„Ù„Ù‡Ù… ÙŠØ¨ØºØ§Ù„Ù‡ Ø³Ø·ÙˆØ± Ù…Ø¯Ø­ Ø§Ø®Ù„Ø§Ù‚ ÙˆØ±ØºÙ… Ø§Ù†ÙŠ Ø­Ø­Ø²Øª ØºØ±ÙÙ‡ ÙˆØ§Ù„ØºÙ„Ø· Ù…Ù†ÙŠ Ø§Ù„Ø§ ØºÙŠØ±ÙˆÙ‡Ø§ Ù„ÙŠ ÙˆÙ†Ø³ÙŠØª Ø§ØºØ±Ø§Ø¶ÙŠ Ø¹Ù†Ø¯Ù‡Ù… Ù„Ù‚ÙŠØªÙ‡Ù… Ù…Ø­ØªÙØ¸ÙŠÙ† ÙÙŠÙ‡Ø§ Ù„ÙŠÙ† Ø±Ø¬Ø¹Øª ØŒ Ø§Ù„ØªÙ‚ÙŠÙŠÙ… ÙÙˆÙ‚ Ø§Ù„ØªÙ‚ÙŠÙŠÙ… 
ØªÙ‚Ø¯Ø±ÙˆÙ† ØªØªÙˆØ§ØµÙ„ÙˆÙ† Ù…Ø¹Ø§Ù‡Ù… ÙˆØ§ØªØ³ Ø§Ø³Ù‡Ù„ Ù„Ù„ÙŠ Ù…Ø§ÙŠØ¹Ø±ÙÙˆÙ† Ø§Ù†Ù‚Ù„ÙŠØ²ÙŠ ÙŠØ±Ø¯ÙˆÙ† Ø¨Ø³Ø±Ø¹Ù‡ ÙˆÙ…ØªØ¬Ø§ÙˆØ¨ÙŠÙ† Ø­ØªØªÙ‰ Ù„Ù„ÙŠ Ø±Ø­Ù„ØªÙ‡Ù… Ø§Ø®Ø± Ø§Ù„Ù„ÙŠÙ„ ØªÙ„Ù‚ÙˆÙ† Ø§Ù„Ù„ÙŠ ÙŠØ±Ø¯Ø¯ Ø¹Ù„ÙŠÙƒÙ…","April 14, 2025"
Kuala lumpur,Soho Suites KLCC by Leala,2320473,5 stars out of 5,PhÃ¹ há»£p vá»›i gia Ä‘Ã¬nh cÃ³ tráº» nhá»,"April 27, 2025"
Kuala lumpur,Soho Suites KLCC by Leala,2320473,5 stars out of 5,"TÃ´i Ä‘áº·t 1 phÃ²ng suite 2 bedrooms cho 5 ngÆ°á»i. LÃºc Ä‘áº·t thÃ¬ trong options cÃ³ bá»“n táº¯m nhÆ°ng khi nháº­n chá»‰ cÃ³ 1 bathroom vÃ²i sen nÃªn 5 ngÆ°á»i thay phiÃªn nhau táº¯m hÆ¡i báº¥t tiá»‡n. PhÃ²ng cÃ³ nhiá»u á»• cáº¯m nhÆ°ng chá»‰ cÃ³ 3 cÃ¡i sá»­ dá»¥ng Ä‘c. Tuy nhiÃªn ngoÃ i hai váº¥n Ä‘á» Ä‘Ã³ ra thÃ¬ táº¥t cáº£ Ä‘á»u ráº¥t tuyá»‡t vá»i. Chá»‰ máº¥t cÃ³ 10p Ä‘i bá»™ (qua cáº§u Ä‘i bá»™ cÃ³ mÃ¡y láº¡nh) lÃ  Ä‘áº¿n thÃ¡p Ä‘Ã´i,15p lÃ  Ä‘áº¿n pavillion. ToÃ  nhÃ  cÃ³ há»“ bÆ¡i rá»™ng view Ä‘áº¹p,cÃ³ cáº£ xÃ´ng hÆ¡i. PhÃ²ng cÃ³ Ä‘áº§y Ä‘á»§ dá»¥ng cá»¥ báº¿p nÃºc,mÃ¡y giáº·t mÃ¡y sáº¥y sá»­ dá»¥ng tá»‘t. Äáº·c biá»‡t chá»§ cÄƒn há»™ ráº¥t chu Ä‘Ã¡o, ngÃ y nÃ o cÅ©ng nt há»i cÃ³ cáº§n dÃ¹ng thÃªm khÄƒn or dá»n phÃ²ng ko (free all service),khi checkout báº¡n tÃ´i cÃ³ Ä‘á»ƒ quÃªn 1 cÃ¡i Ã¡o cÅ©ng Ä‘c anh chá»§ nt bÃ¡o. Staff cá»±c kÃ¬ thÃ¢n thiá»‡n vÃ  chu Ä‘Ã¡o nhÆ° a chá»§. Nháº¥t Ä‘á»‹nh sáº½ quay láº¡i Ä‘Ã¢y á»Ÿ náº¿u cÃ³ Ä‘áº¿n KL láº§n ná»¯a.","April 26, 2025"
